Horizon,MAE,MSE
96,0.19165404279098763,0.07776890699710563
192,0.28248390728047407,0.1576327885184968
336,0.3884610406599779,0.2866962742670709
720,0.6944049244689072,0.8168514556047339
